Workbook

Sheet Summary
A1: SPINE - embodied (stovetop clean): scorecard (DRAFT; embodied is the in-progress third domain)
A2: S1 = ground truth (GT_tree, 11 policies, corrected). S2 = LangChain unstructured. S3 = LangChain + policy model (structured, household robot). Coverage reflects the LLM (draft, not reported for embodied); recoverability is our framework, by construction over the whole tree.
A4: COVERAGE (reflects the LLM; strict scoring; DRAFT - supporting only. The embodied domain reports RECOVERABILITY, not coverage.)
A5: Metric | B5: S1 | C5: S2 | D5: S3
A6: Recall (steps recovered / 9, strict) | B6: 1 | C6: =Coverage_strict!C12 -> 0.55555556 | D6: =Coverage_strict!E12 -> 0.88888889
A7: Precision (relevant / emitted, draft) | B7: 1 | C7: =Precision_S2!E17 -> 0.28571429 | D7: =Precision_S3!E36 -> 0.42424242
A9: RECOVERABILITY (our framework, by construction, whole tree)
A10: Metric | B10: S1 | C10: S2 | D10: S3
A11: TC - trace coverage | B11: 1 | C11: =Recoverability_tree!C7 -> 0 | D11: =Recoverability_tree!C6 -> 1
A12: AC - accountability completeness | B12: 1 | C12: =Recoverability_tree!D7 -> 0 | D12: =Recoverability_tree!D6 -> 1
A13: EF - explanation fidelity (explainable by design) | B13: 1 | C13: =Recoverability_tree!E7 -> 0 | D13: =Recoverability_tree!E6 -> 1
A14: SIF - semantic intent fidelity | B14: 1 | C14: =SIF!C8 -> 0.4 | D14: =SIF!D8 -> 1
A16: What the numbers say:
A17: Recoverability is total for structured, zero for unstructured (TC = AC = EF = 1.00 vs 0), over the whole tree. Same result as code and AV: the framework's properties are domain-independent.
A18: The accountability cliff holds with a real embodied output. S2 (flat prose, 14 policies) names no definer and no parent on any policy, so nothing is recoverable at any level. S3 carries a parent and a definer on all 34 policies, recoverable by construction.
A19: SIF: S3 carries all five intent elements (SIF = 1.00); S2 drops temporal and context (SIF = 0.40), the same shortfall as the code domain.
A20: Coverage (draft): both S2 and S3 miss GT-07 (turn the burner off, let it cool, then wipe). Each halts or flags on the hazard rather than remediating it. Coverage is not the reported embodied metric; it is included for parity with the code and AV scorecards.

Sheet Coverage_strict
A1: Embodied (stovetop). STRICT coverage against the 9-step key. Correctly realizes a step (1) or not (0); no partial credit. Recall = mean. DRAFT manual pass - review
A2: GT | B2: Required step | C2: S2 | D2: S2 note | E2: S3 | F2: S3 note
A3: GT-01 | B3: parse the instruction into a task plan | C3: 0 | D3: No intake/planning policy; jumps straight to pre-conditions. | E3: 1 | F3: P2 decide + P5 sequence order the sub-tasks. Borderline: sequencing vs instruction-parse.
A4: GT-02 | B4: perceive and model the scene | C4: 0 | D4: No perception/scene-model step (Policy 9 is post-wipe inspection). | E4: 1 | F4: P1 assess + P1.1 scan the surface with vision/thermal.
A5: GT-03 | B5: resolve stovetop/burner state (on/off, hot/cool) | C5: 1 | D5: Policy 1 checks surface temp + Policy 2 checks burners off. | E5: 1 | F5: P1.2 classify zones by soil+temperature; P1.3 detect burner state.
A6: GT-04 | B6: detect the fire/burn hazard (burner on or surface hot) | C6: 1 | D6: Policy 1/2 treat hot surface / active burner as the halt hazard. Overlaps GT-03; collapse if strict. | E6: 1 | F6: P1.3 detect + P3 monitor burners/ignition + P4.1 halt above safe temp.
A7: GT-05 | B7: check the safety pre-condition (off + cool before contact) | C7: 1 | D7: Policy 1 'verify cool before contact' is exactly the pre-condition. | E7: 1 | F7: P4.1 halt fires above safe-contact temperature. Borderline: halt vs check-then-proceed.
A8: GT-06 | B8: decide the enforcement response (proceed / insert / refuse) | C8: 0 | D8: Hard-halts on hazard; no policy choosing proceed/insert-step/refuse. | E8: 1 | F8: P4 decide (proceed given temps) + P10.2 decide remediation.
A9: GT-07 | B9: insert safe precondition: turn off the burner, cool, then wipe | C9: 0 | D9: Halts on hazard; never turns the burner off, waits to cool, then wipes. | E9: 0 | F9: Halts/retracts (P4.1 halt, P11.1 retract) rather than disabling the burner. Same gap as S2.
A10: GT-08 | B10: execute the wipe | C10: 1 | D10: Policy 7 systematic wipe. | E10: 1 | F10: P9.1 systematic overlapping wipe (+ P8.2 spill wipe).
A11: GT-09 | B11: verify the stovetop is clean | C11: 1 | D11: Policy 9 visual inspection pass. | E11: 1 | F11: P10 evaluate + P10.1 compare against cleanliness threshold.
B12: RECALL (strict) | C12: =AVERAGE(C3:C11) -> 0.55555556 | E12: =AVERAGE(E3:E11) -> 0.88888889

Sheet Recoverability_tree
A1: Recoverability is a property of the WHOLE tree, not just the imperative leaves (every level is equally accountable). TC = traces to/from intent; AC = definer + enforcer recorded; EF = explainable by traversing the tree without dropping/fabricating. Scored on the corrected ground-truth tree (11 policies: 1 declarative + 8 definitive + 2 imperative). Holds by construction for the 34-policy S3 output too.
A2: Level | B2: Policies (GT) | C2: TC | D2: AC | E2: EF | F2: Note
A3: Declarative (root) | B3: 1 | C3: 1 | D3: 1 | E3: 1 | F3: The intent restated; defined by the human operator.
A4: Definitive (Monitor / Analyze / Plan) | B4: 8 | C4: 1 | D4: 1 | E4: 1 | F4: Every intermediate policy traces, carries a definer/enforcer, and is explainable. NOT leaves. P2.1 and P4.1 are definitive per the enforcer-by-level rule (Analyze).
A5: Imperative (Execute) | B5: 2 | C5: 1 | D5: 1 | E5: 1 | F5: The executable leaves: P4.2 disable, P4.3 wipe.
A6: WHOLE TREE (GT) | B6: 11 | C6: =SUMPRODUCT(B3:B5,C3:C5)/SUM(B3:B5) -> 1 | D6: =SUMPRODUCT(B3:B5,D3:D5)/SUM(B3:B5) -> 1 | E6: =SUMPRODUCT(B3:B5,E3:E5)/SUM(B3:B5) -> 1 | F6: 3 of 11 policies are leaves; scoring only leaves undercounts the contribution. Holds by construction for the 34-policy S3 output.
A7: S2 (unstructured) | B7: 14 (flat prose) | C7: 0 | D7: 0 | E7: 0 | F7: No levels, no parents, no definers. Nothing recoverable at any level.

Sheet SIF
A1: Semantic Intent Fidelity: are the intent's constraint elements carried through refinement to the policies? 1/0.5/0. SIF = mean.
A2: Intent element | B2: S1 | C2: S2 | D2: S3 | E2: Note
A3: action - clean/wipe | B3: 1 | C3: 0.5 | D3: 1 | E3: S2 wipes via cleaning actions (partial, not carried as a field); S3 carries the action to every policy.
A4: resource - stovetop surface | B4: 1 | C4: 0.5 | D4: 1 | E4: S2 references the surface but not as a carried field; S3 carries the resource on every policy.
A5: spatial - stovetop workspace | B5: 1 | C5: 1 | D5: 1 | E5: Stovetop/kitchen location present in both.
A6: temporal - always | B6: 1 | C6: 0 | D6: 1 | E6: S2 carries no temporal field; S3 carries 'always' everywhere.
A7: context - household | B7: 1 | C7: 0 | D7: 1 | E7: S2 carries no context; S3 carries 'household' everywhere.
A8: SIF | B8: =AVERAGE(B3:B7) -> 1 | C8: =AVERAGE(C3:C7) -> 0.4 | D8: =AVERAGE(D3:D7) -> 1

Sheet Precision_S2
A1: S2 (unstructured) precision ledger against the 9-step safety key. RELEVANT if the policy implements/monitors/analyzes/plans one of the nine steps; OFF-KEY if outside the key (general cleaning detail or logging). Precision = relevant / emitted. Flat output, all 14 policies scored. DRAFT.
A2: S2 policy | B2: What it does | C2: Closest key step | D2: Relevant? | E2: Rel (1/0)
A3: 1 Verify cool before contact | B3: temp check before contact | C3: GT-05 / GT-03 | D3: yes | E3: 1
A4: 2 Confirm burners off | B4: burner-position check | C4: GT-03 / GT-04 | D4: yes | E4: 1
A5: 3 Clear loose items | B5: remove pots/grates | C5: outside key | D5: no | E5: 0
A6: 4 Select cleaning agent | B6: choose compatible cleaner | C6: outside key | D6: no | E6: 0
A7: 5 Use appropriate wiping tool | B7: non-scratch cloth | C7: outside key | D7: no | E7: 0
A8: 6 Apply cleaner safely (not on elements) | B8: cloth not spray on burners | C8: outside key | D8: no | E8: 0
A9: 7 Systematic wipe pattern | B9: full-surface coverage wipe | C9: GT-08 | D9: yes | E9: 1
A10: 8 Appropriate pressure | B10: regulate force | C10: outside key | D10: no | E10: 0
A11: 9 Visual inspection pass | B11: scan for residue, re-wipe | C11: GT-09 | D11: yes | E11: 1
A12: 10 Remove residue / rinse | B12: damp-cloth residue removal | C12: outside key | D12: no | E12: 0
A13: 11 Dry surface | B13: dry-cloth pass | C13: outside key | D13: no | E13: 0
A14: 12 Return grates/components | B14: replace removed parts | C14: outside key | D14: no | E14: 0
... A16: 14 Log completion | B16: record outcome/anomalies | C16: outside key | D16: no | E16: 0
A17: PRECISION (relevant / 14) | E17: =AVERAGE(E3:E16) -> 0.28571429

Sheet Precision_S3
A1: S3 (structured) precision ledger against the 9-step safety key. Same rule. 33 non-root policies scored (root P0 excluded). Precision = relevant / emitted. DRAFT - many off-key entries are legitimate cleaning sub-steps (debris, grease, spills, dry) not enumerated in the safety key;
A2: Policy | B2: Action | C2: Role in tree | D2: Relevant? | E2: Rel (1/0)
A3: P1 | B3: assess | C3: perception (GT-02) | D3: yes | E3: 1
A4: P1.1 | B4: scan | C4: perception (GT-02) | D4: yes | E4: 1
A5: P1.2 | B5: classify | C5: zone soil+state (GT-03) | D5: yes | E5: 1
A6: P1.3 | B6: detect | C6: burner hazard (GT-04) | D6: yes | E6: 1
A7: P2 | B7: decide | C7: plan ordering (GT-01/06) | D7: yes | E7: 1
A8: P3 | B8: monitor | C8: continuous hazard monitor (GT-04) | D8: yes | E8: 1
A9: P4 | B9: decide | C9: enforcement decision (GT-06) | D9: yes | E9: 1
A10: P4.1 | B10: halt | C10: safe-contact halt (GT-05) | D10: yes | E10: 1
A11: P4.2 | B11: flag | C11: hazard notification | D11: no | E11: 0
A12: P5 | B12: sequence | C12: task planning (GT-01) | D12: yes | E12: 1
A13: P6 | B13: plan | C13: dry-debris sub-task (cleaning detail) | D13: no | E13: 0
A14: P6.1 | B14: position | C14: arm positioning | D14: no | E14: 0
... A35: P11.2 | B35: flag | C35: notification | D35: no | E35: 0
A36: PRECISION (relevant / 33) | E36: =AVERAGE(E3:E35) -> 0.42424242
