Workbook

Sheet Summary
A1: PROVENANCE - code execution: scorecard
A2: S1 = ground truth (Table 1). S2 = LangChain unstructured. S3 = LangChain + policy model (structured, autonomous coding agent). Two metric groups: coverage reflects the LLM's behavior; recoverability is a property of our framework, by construction over the whole tree.
A4: COVERAGE (reflects the LLM, not the framework; strict scoring)
A5: Metric | B5: S1 | C5: S2 | D5: S3
A6: Recall (steps recovered / 10, strict) | B6: 1.00 | C6: =Coverage_strict!C13 -> 0.1 | D6: =Coverage_strict!E13 -> 0.4
A7: Precision (relevant / emitted) | B7: 1.00 | C7: =Precision_S2!E11 -> 0.625 | D7: =Precision_S3!E24 -> 0.61904762
A9: RECOVERABILITY (our framework, by construction, whole tree)
A10: Metric | B10: S1 | C10: S2 | D10: S3
A11: TC - trace coverage | B11: 1.00 | C11: =Recoverability_tree!C7 -> 0 | D11: =Recoverability_tree!C6 -> 1
A12: AC - accountability completeness | B12: 1.00 | C12: =Recoverability_tree!D7 -> 0 | D12: =Recoverability_tree!D6 -> 1
A13: EF - explanation fidelity (explainable by design) | B13: 1.00 | C13: =Recoverability_tree!E7 -> 0 | D13: =Recoverability_tree!E6 -> 1
A14: SIF - semantic intent fidelity | B14: 1.00 | C14: =SIF!C8 -> 0.4 | D14: =SIF!D8 -> 1
A16: What the numbers say:
A17: • Recoverability is total for structured, zero for unstructured (TC = AC = EF = 1.00 vs 0). This is the framework's contribution and it holds over the whole tree, every level, not just the executable leaves.
A18: • Coverage is low in both arms and improves with structure (0.10 to 0.40). This reflects the LLM's behavior, not our model: the LLM does not produce complete, verifiable, operation-specific policies on its own. Structure improves it; it does not complete it. This is the case for a hardcoded assurance engine.
A19: • EF is explainability by design: the structured tree can be traversed to explain any node without dropping or fabricating steps; free text cannot, so EF = 0 for S2.
A20: • SIF: the structured format carries resource, spatial, temporal, and context to every policy (1.00); free text drops temporal and context (0.40).
A22: What changed, and why:
A23: • Coverage is now STRICT (partial = 0). Code recall moved 0.25 -> 0.10 (S2) and 0.55 -> 0.40 (S3) because generic / different-mechanism policies no longer earn 0.5. Rationale and a full graded breakdown are on the Coverage_graded sheet.
A24: • TC/AC/EF are now over the WHOLE TREE, not the leaves, and EF is redefined as explainability-by-design Together these move S3 from 0.38 / 0.62 / 0.06 (leaves) to 1.00 / 1.00 / 1.00 (whole tree). This is the expected result of applying both corrections, not a re-tuned number.
A25: • The 'leaves' framing is dropped; the Recoverability_tree sheet reports by level to show monitor/analyze/plan policies are as accountable as execute policies.
A27: Precision is backed by per-policy ledgers (Precision_S2, Precision_S3): S2 = 5/8 = 0.63, S3 = 13/21 = 0.62. Recoverability (TC/AC/EF) is scored on the ground-truth tree (Table 1, 16 policies) to match the paper's Table 4; by construction it also holds for the 22-policy S3 output. Coverage (recall/precision) is scored on the S2/S3 LLM outputs (8 and 22 policies).

Sheet Coverage_strict
A1: Code execution. STRICT coverage against the 10-step key. A policy correctly realizes a step (1) or it does not (0). No partial credit: a generic or different-mechanism policy that does not specifically and verifiably implement the required step scores 0. Recall = mean.
A2: GT | B2: Required step | C2: S2 | D2: S2 note | E2: S3 | F2: S3 note
A3: GT-01 | B3: classify which files are sensitive | C3: 0 | D3: Treats whole directory as uniform; no classification. | E3: 1 | F3: P2 classify + P2.1 tag. Correct.
A4: GT-02 | B4: monitor file operations | C4: 1 | D4: Audit logging. Correct monitor step. | E4: 1 | F4: P1 monitor. Correct.
A5: GT-03 | B5: check actor authorization | C5: 0 | D5: OS permissions / MAC gesture at access control, but no authorization-check policy. Not the step. | E5: 1 | F5: P3 analyze + P3.1 compare actor against allowlist. Correct.
A6: GT-04 | B6: block unauthorized read | C6: 0 | D6: No-world-readable is permission config, not a block-read rule. | E6: 1 | F6: P4.1.1 'block unauthorized access' = the access/read case
A7: GT-05 | B7: block copy out of scope | C7: 0 | D7: No egress control. | E7: 0 | F7: No copy-out-of-scope control.
A8: GT-06 | B8: block move out of scope | C8: 0 | D8: No egress control. | E8: 0 | F8: No move-out-of-scope control.
A9: GT-07 | B9: block unauthorized write | C9: 0 | D9: Immutable flag is not a block-write rule. | E9: 0 | F9: Generic block is not write-specific
A10: GT-08 | B10: block permission/ownership weakening | C10: 0 | D10: Sets permissions; no guard against weakening. | E10: 0 | F10: P4.2.1 restores permissions after the fact (different mechanism); does not block the change. (P1.1 is a monitor policy, not a reset.)
A11: GT-09 | B11: block unauthorized delete | C11: 0 | D11: No delete control. | E11: 0 | F11: Generic block is not delete-specific. Not the step.
A12: GT-10 | B12: reject symlink / path-traversal escape | C12: 0 | D12: No symlink guard. | E12: 0 | F12: No symlink guard.
B13: RECALL (strict) | C13: =AVERAGE(C3:C12) -> 0.1 | E13: =AVERAGE(E3:E12) -> 0.4

Sheet Coverage_graded
A1: COMPANION (not used in the paper). Graded view that was described: each partial step is broken into sub-parts and scored by the fraction satisfied. Prepared so the choice is transparent and the switch is ready; the paper uses the strict column on the left sheet. Rationale at the bottom.
A2: GT (arm) | B2: Required sub-parts | C2: Sub-parts met | D2: Graded score | E2: Strict score | F2: Why graded differs
A3: GT-03 (S2) | B3: access control present; authorization-check policy present | C3: 1 of 2 (control yes, auth-check no) | D3: 0.5 | E3: 0 | F3: Permissions exist but no authorization decision.
A4: GT-04 (S3) | B4: blocks the operation; operation is read/access; unauthorized condition | C4: 3 of 3 (access is the read case) | D4: 1 | E4: 1 | F4: Matches strict here.
A5: GT-07 (S3) | B5: blocks the operation; operation is write-specific; unauthorized condition | C5: 2 of 3 (not write-specific) | D5: 0.67 | E5: 0 | F5: Generic block, not write-specific.
A6: GT-08 (S3) | B6: prevents the weakening; acts before the change; on permission attributes | C6: 1 of 3 (resets after, not before) | D6: 0.33 | E6: 0 | F6: Reset-after mechanism, not block-before.
A7: GT-09 (S3) | B7: blocks the operation; operation is delete-specific; unauthorized condition | C7: 2 of 3 (not delete-specific) | D7: 0.67 | E7: 0 | F7: Generic block, not delete-specific.
A8: GT-07 (S2) | B8: blocks the operation; write-specific; general (not one file) | C8: 1.5 of 3 (immutable, static files only) | D8: 0.5 | E8: 0 | F8: Immutable flag, narrow and static.
A10: Why the paper uses STRICT, not graded:
A11: At enforcement time a policy is correct or it is not. A generic 'block access' that should block writes specifically is not two-thirds of a write-block; it is a different policy that overlaps. Partial credit imports a 'close enough' notion that has no meaning when the policy has to actually run, and it is exactly the soft, interpretive judgment the unstructured baseline forces and that our structured model exists to eliminate. Binary scoring is honest about enforcement; graded is honest about resemblance, and resemblance is not what an enforcement system needs. The graded view above is provided in full so the choice is transparent; if a graded view is preferred, the numbers regenerate from these sub-part splits.

Sheet Recoverability_tree
A1: Recoverability is a property of the WHOLE tree, not just the imperative leaves (every level is equally accountable). TC = traces to/from intent; AC = definer + enforcer recorded; EF = the node is explainable by traversing the tree without dropping or fabricating. Scored on the ground-truth tree (Table 1, 16 policies), matching the paper's Table 4.
A2: Level | B2: Policies (Table 1) | C2: TC | D2: AC | E2: EF | F2: Note
A3: Declarative (root) | B3: 1 | C3: 1 | D3: 1 | E3: 1 | F3: The intent restated; defined by the human operator.
A4: Definitive (Monitor / Analyze / Plan) | B4: 7 | C4: 1 | D4: 1 | E4: 1 | F4: Every intermediate policy traces, carries a definer/enforcer, and is explainable. These are NOT leaves.
A5: Imperative (Execute) | B5: 8 | C5: 1 | D5: 1 | E5: 1 | F5: The executable leaves.
A6: WHOLE TREE (Table 1) | B6: 16 | C6: =SUMPRODUCT(B3:B5,C3:C5)/SUM(B3:B5) -> 1 | D6: =SUMPRODUCT(B3:B5,D3:D5)/SUM(B3:B5) -> 1 | E6: =SUMPRODUCT(B3:B5,E3:E5)/SUM(B3:B5) -> 1 | F6: 8 of 16 policies are non-leaf (1 declarative + 7 definitive). Scoring only the 8 leaves undercounts the contribution. Holds by construction for the 22-policy S3 output too.
A7: S2 (unstructured) | B7: 8 (flat prose) | C7: 0 | D7: 0 | E7: 0 | F7: No levels, no parents, no definers. Nothing recoverable at any level.

Sheet SIF
A1: Semantic Intent Fidelity: are the intent's constraint elements carried through refinement to the policies? 1/0.5/0. SIF = mean.
A2: Intent element | B2: S1 | C2: S2 | D2: S3 | E2: Note
A3: action - protect | B3: 1 | C3: 0.5 | D3: 1 | E3: S2 protects via config actions (partial); S3 carries the action to every policy.
A4: resource - file | B4: 1 | C4: 0.5 | D4: 1 | E4: S2 treats the whole directory as one; S3 recovers classification.
A5: spatial - /srv/app/config | B5: 1 | C5: 1 | D5: 1 | E5: Path present in both.
A6: temporal - always | B6: 1 | C6: 0 | D6: 1 | E6: S2 carries no temporal field; S3 carries 'always' everywhere.
A7: context - production | B7: 1 | C7: 0 | D7: 1 | E7: S2 carries no context; S3 carries 'production' everywhere.
A8: SIF | B8: =AVERAGE(B3:B7) -> 1 | C8: =AVERAGE(C3:C7) -> 0.4 | D8: =AVERAGE(D3:D7) -> 1

Sheet Precision_S2
A1: S2 (unstructured) precision ledger. Each emitted policy is RELEVANT if it implements, monitors, analyzes, or plans one of the ten key steps, or OFF-TOPIC if it addresses something outside the closed key set. Precision = relevant / emitted. There is no root in the flat output, so all 8 policies are scored.
A2: S2 policy | B2: What it does | C2: Closest key step | D2: Relevant? | E2: Rel (1/0)
A3: Restrictive permissions | B3: chmod/chown least privilege at OS | C3: GT-04/GT-08 access control | D3: yes | E3: 1
A4: No world-readable/writable | B4: reject o+rwx on the directory | C4: GT-04 read exposure | D4: yes | E4: 1
A5: Immutable flag | B5: chattr +i on static config files | C5: GT-07 write protection | D5: yes | E5: 1
A6: Audit logging | B6: auditctl -w on the directory | C6: GT-02 monitor file operations | D6: yes | E6: 1
A7: No execute bit | B7: strip a+x on config files | C7: outside key set | D7: no | E7: 0
A8: Encryption at rest | B8: LUKS / fscrypt / SOPS | C8: outside key set | D8: no | E8: 0
A9: No VCS commits | B9: .gitignore + pre-commit hook | C9: outside key set | D9: no | E9: 0
A10: Least-privilege process | B10: run as unprivileged appuser | C10: GT-03 authorization | D10: yes | E10: 1
A11: PRECISION (relevant / 8) | E11: =AVERAGE(E3:E10) -> 0.625

Sheet Precision_S3
A2: Policy | B2: Action | C2: Role in tree | D2: Relevant? | E2: Rel (1/0)
A3: P1 | B3: monitor | C3: watches access/permissions/integrity (GT-02) | D3: yes | E3: 1
A4: P1.1 | B4: monitor | C4: permission attributes (GT-02) | D4: yes | E4: 1
A5: P1.2 | B5: monitor | C5: integrity checksums (GT-02) | D5: yes | E5: 1
A6: P1.3 | B6: monitor | C6: file access operations (GT-02) | D6: yes | E6: 1
A7: P2 | B7: classify | C7: sensitivity classification (GT-01) | D7: yes | E7: 1
A8: P2.1 | B8: tag | C8: applies the sensitivity tag (GT-01) | D8: yes | E8: 1
A9: P3 | B9: analyze | C9: access vs authorization (GT-03) | D9: yes | E9: 1
A10: P3.1 | B10: compare | C10: actor against allowlist (GT-03) | D10: yes | E10: 1
A11: P3.2 | B11: compare | C11: permissions vs baseline (GT-08 detection) | D11: yes | E11: 1
A12: P3.3 | B12: compare | C12: checksums vs baseline (GT-07 detection) | D12: yes | E12: 1
A13: P4 | B13: decide | C13: plans the block response | D13: yes | E13: 1
A14: P4.1 | B14: decide | C14: plans the block (GT-04) | D14: yes | E14: 1
... A23: P4.3.2 | B23: alert | C23: emits an alert (notification) | D23: no | E23: 0
A24: PRECISION (relevant / 21) | E24: =AVERAGE(E3:E23) -> 0.61904762
A28: S3 (structured, autonomous-coding-agent persona) precision ledger. 22 policies; the root P0 is excluded, leaving 21 scored. RELEVANT = implements/monitors/analyzes/plans one of the ten key steps. OFF-TOPIC = remediation or notification beyond the required steps (revoke, restore, quarantine, alert). Precision = relevant / non-root emitted.
