Workbook

Sheet Summary
A1: SPINE pilot scorecard: astropy__astropy-12907 (run 1, FINAL)
A2: Four cells per model. Coverage metrics (recall, precision, SIF) are scored PLAN vs PLAN only: plan_unstructured against plan_structured, with representation as the single variable. The executing agent is a different modality (tools, real repo) and appears in the recoverability block and the behavior sheet only; it is the task-performance baseline for % Resolved at the Docker stage, not a coverage comparator. Ground truth: ground_truth_astropy12907_iter3.xlsx, 9 nodes, 6 obligations GT-01..GT-06. Prompt identity verified: both plan_unstructured runs sha256 d65a655202a3ffd4; both structured requests sha256 20340444677bea58. Green = locked by construction or by artifact. Yellow = judgment, overridable.
A4: CONTAMINATION DISCLOSURE: the Claude artifacts name _cstack, which appears nowhere in the request. That is training recall and it may inflate content specificity. Gemini names no _cstack. separable.py is NOT contamination: it is derivable from the intent's own import line. TC/AC/EF are structural and untouched.
A6: Metric | B6: CLAUDE plan_unstr | C6: CLAUDE plan_struct | D6: GEMINI plan_unstr | E6: GEMINI plan_struct | F6: Basis | G6: CLAUDE traj | H6: GEMINI traj
A7: Recall (/6 obligations) | B7: =Coverage_strict!C12 -> 1 | C7: =Coverage_strict!D12 -> 1 | D7: =Coverage_strict!E12 -> 1 | E7: =Coverage_strict!F12 -> 0.91666667 | F7: Coverage_strict; denominator 6. GEMINI struct 0.92 (5.5/6): GT-03 scores 0.5, no characterization step, under the strict criterion applied identically to all four artifacts. | G7: =Plan_trajectory!C13 -> 0.75 | H7: =Plan_trajectory!D13 -> 0.5
A8: Precision | B8: =Precision_unstr!F22 -> 0.66666667 | C8: =Precision_struct!F22 -> 0.6875 | D8: =Precision_unstr!I22 -> 1 | E8: =Precision_struct!I8 -> 1 | F8: Per-node ledgers. Unit = one policy (tree) or one asserted step (prose). ROOT EXCLUDED from the trees, per the AV convention: P0 restates the intent and cannot score below 1. Denominators 16 / 5 for the trees, 18 / 4 for the prose. UNIT ASYMMETRY: Claude's prose exposes 18 steps and Gemini's 4, so the two prose figures are not comparable to each other; each is comparable to its own structured counterpart. | G8: =Plan_trajectory!C27 -> 0.9 | H8: =Plan_trajectory!G27 -> 0.5
A9: TC trace coverage | B9: 0 | C9: 1 | D9: 0 | E9: 1 | F9: RULING #12: prose diagram does not qualify; lineage must be per-node retrievable | G9: 0 | H9: 0
A10: AC accountability | B10: 0 | C10: 1 | D10: 0 | E10: 1 | F10: no definer exists in prose, so nothing to recover; every tree node carries definer | G10: 0 | H10: 0
A11: EF explanation fidelity | B11: 0 | C11: 1 | D11: 0 | E11: 1 | F11: reasoning present but not anchored as a per-node field; every tree node carries rationale | G11: 1 | H11: 1
A12: SIF (5 root elements) | B12: 0.3 | C12: 1 | D12: 0.3 | E12: 1 | F12: SIF_detail sheet. 0/0.5/1 rubric under Criterion A (addressability), applied uniformly to all five elements. 0.30 not 0.40: the prior studies scored spatial 1.0 under a fragmentation criterion. Open for meeting; see SIF_detail row 7. | G12: 0.3 | H12: 0.3
A14: READ THE BLOCKS SEPARATELY. Coverage (recall, precision, SIF) varies with the model and the task: both models cover the answer key well, so capability is not the variable. Recoverability (TC, AC, EF) does not move at all: 0.00 unstructured, 1.00 structured, both vendors. That is the contribution, isolated. Coverage cannot explain the gap here; only the representation can.
A16: TC IS THE ONE LIVE JUDGMENT. Claude's unstructured prose invented ids (P1.1..P6.3) and a detached ASCII dependency graph. A path IS reconstructible by a human reading the whole document. It scores 0.00 because lineage must be retrievable per node, not depicted document-wide, which is the O(depth) versus O(n) distinction the paper claims. Flip this cell and report it if you rule the other way.
A18: NEITHER PLAN PROPOSES THE REFERENCE FIX. The human patch is one line in _cstack (cright[...] = 1 becomes = right). Both plans propose a recursion redesign instead. Refinement correctness is not what this pilot measures (Jul 21: the assurance engine is assumed to do its job); recorded so the Docker stage confirms or overturns it rather than discovering it late.
A20: OPEN FOR CO-AUTHOR (neither blocks any conclusion; both are about what the metric measures, not what the artifacts contain)
A21: Q-A. SIF spatial rubric. Prose spatial is scored 0.5 here under the addressability criterion used by TC, AC and EF: present in the document is not the same as retrievable at the node. The submitted studies scored it 1.0 under a fragmentation criterion (stated whole vs reassembled from specializations) that appears nowhere else in the metric suite. Unstructured SIF is therefore 0.30 here and 0.40 there, differing in exactly one cell. Either recompute the prior studies or report the two rubrics side by side.
A23: Q-B. Does SIF score field PRESENCE or AGREEMENT with the ground-truth value? Gemini structured carries context = 'issue-resolution' where the GT root has 'production'. Scored 1.0 here on presence: the field is populated and readable, so the lineage question can be answered, which is what SIF measures. Whether the value is the right one is a refinement-quality question, and quality is out of scope for this stage per the Jul 21 direction that the assurance engine is assumed to do its job. Score 0.5 if she rules SIF against the GT value.
A25: TRAJECTORY CELL (added after scoring closed, disclosed as such): the state-of-practice format, fields but no lineage. Recall depressed by the four-tool vocabulary (disclosed on Plan_trajectory). TC/AC 0.00, EF 1.00 per the anchored-thoughts ruling, SIF 0.30. Claude's output FAILED to parse (real diff broke the JSON string); Gemini parsed clean by using placeholder patches. Format-content trade-off, see Plan_trajectory.

Sheet Coverage_strict
A1: Recall: which of the 6 answer-key obligations does each plan cover?
A2: 1 = covered, 0.5 = gestured at without naming, 0 = absent. Edit the marks; totals re-derive. Denominator is 6 (GT-01..GT-06); the 3 scaffolding GT nodes are excluded, as in every prior GT.
A4: GT id | B4: Obligation | C4: CLAUDE unstr | D4: CLAUDE struct | E4: GEMINI unstr | F4: GEMINI struct | G4: Notes
A5: GT-01 | B5: Reproduce the reported incorrect behavior | C5: 1 | D5: 1 | E5: 1 | F5: 1 | G5: C: G1/P1.1-P1.2 pin env and run the three calls verbatim. CS: P2 + P2.1 run the reproduction script. G: Policy 1 creates and runs the reproduction script. GS: P2 reproduce.
A6: GT-02 | B6: Localize the defect in the separability computation | C6: 1 | D6: 1 | E6: 1 | F6: 1 | G6: C: G2/P2.1-P2.3 trace the entry point and audit the combinator. CS: P3 trace + P1 monitor. G: Policy 1 search and locate. GS: P1 locate.
A7: GT-03 | B7: Characterize why nesting specifically breaks it | C7: 1 | D7: 1 | E7: 1 | F7: 0.5 | G7: STRICT CRITERION, applied identically to all four: does the plan contain a step whose stated purpose is to explain the mechanism, distinct from locating the code and distinct from designing the fix? CLAUDE unstr G3 asserts the block-diagonal invariant and pinpoints the divergence = 1. CLAUDE struct P3.1 compares flat vs nested and P3.2 identifies the combination logic = 1. GEMINI unstr Policy 2 'Identify the Defect' names the mechanism twice ('treats nested CompoundModels as leaf nodes, assuming all inputs and outputs are fully coupled' and 'recursion fails to retrieve the pre-calculated separability matrix'). Both are correct descriptions of the real defect; the verbs hedge ('determine if', 'check if') but the content is right, and hedging is not the criterion = 1. GEMINI struct has NO such step: P1 is locate, P3 is design, and the understanding appears only as a purpose clause inside P1's rationale ('necessary to understand how it processes nested CompoundModels'). Compression effect: six nodes absorb work the same model gave its own heading in prose = 0.5.
A8: GT-04 | B8: Correct the computation for nested CompoundModels | C8: 1 | D8: 1 | E8: 1 | F8: 1 | G8: C: G4/P4.2-P4.3. CS: P5 edit. G: Policy 3 apply the fix. GS: P4 patch. Note none of the four names the actual one-line _cstack assignment.
A9: GT-05 | B9: Verify the reported case yields the expected output | C9: 1 | D9: 1 | E9: 1 | F9: 1 | G9: C: P5.1 TEST_CASE_3 asserts the nested case. CS: P5.1 validate against the intent's matrices. G: Policy 4 verify with the expected array. GS: P5 test covers verify and preserve in one node.
A10: GT-06 | B10: Preserve existing behavior (no regressions) | C10: 1 | D10: 1 | E10: 1 | F10: 1 | G10: C: P5.2 full suite, 0 new failures. CS: P6.1 run the existing suite (carries GT-06 per ruling #2, NOT P6). G: Policy 4 run existing tests. GS: P5 test, same node as GT-05.
B12: RECALL | C12: =SUM(C5:C10)/6 -> 1 | D12: =SUM(D5:D10)/6 -> 1 | E12: =SUM(E5:E10)/6 -> 1 | F12: =SUM(F5:F10)/6 -> 0.91666667
A14: Both models cover the key well in both representations. That is the point: capability is not the variable being tested, so coverage cannot explain the recoverability gap.
A15: GEMINI IS THE ONLY MODEL WHERE THE STRUCTURED ARM SCORES LOWER ON COVERAGE: 1.00 unstructured vs 0.92 structured (5.5 of 6). Report it, do not soften it. A scorecard where the treatment wins every cell reads as authored; one where the schema costs half a point, on a compression effect that can be explained, reads as measured. It is also the direct answer to the sharpest objection: the schema did not manufacture coverage.
A17: SHARED TEST-SUITE PRIOR, all four artifacts. The intent contains ZERO occurrences of 'test'. Yet every artifact, both vendors and both representations, supplies a test regime: Gemini unstructured predicts the path ('typically in astropy/modeling/tests/test_separable.py'), Claude unstructured names five specific test cases, and both trees carry test branches. KEEP THIS DISTINCT FROM _cstack CONTAMINATION: the test-file location follows from standard Python project layout and is guessable; _cstack is a specific buggy symbol that is not. Conflating them lets a reviewer dismiss both. Consequence: ruling #2 (new-test authoring is beyond-intent) is strengthened, because the test regime is a model prior about software engineering practice, not a product of the refinement.

Sheet Precision_struct
A1: Precision: is each emitted policy inside the intent?
A2: 1 = relevant, 0 = beyond-intent. Unit = one policy. Rulings applied: #2 (new-test authoring = 0, running the existing suite = 1), #3 (delivery branch = 0), #6 (Monitor node = 1, relevant).
A4: CLAUDE id | B4: action / resource | C4: rel | D4: note | F4: GEMINI id | G4: action / resource | H4: rel | I4: note
A5: P0 | B5: fix / separability_matrix | D5: ROOT EXCLUDED from precision. P0's own rationale reads 'Restates the raw intent', level declarative, parent_id null, Orchestrator-enforced. It is the intent restated, not a derived step. Same convention as the AV study, where including the root spuriously matched Copilot's P0 to GT-02 and wrongly flagged Gemini's P0 as a false positive. It also cannot score anything but 1, so leaving it in the denominator hands the structured arm a guaranteed point no unstructured artifact has an equivalent for. Still checked structurally, never scored. | F5: P0 | G5: resolve / separability bug | I5: ROOT EXCLUDED, same basis. Gemini P0 rationale: 'Restates the raw intent to fix the incorrect separability matrix calculation.'
A6: P1 | B6: monitor / function and call graph | C6: 1 | D6: RULING #6: relevant. Its rationale is bounded pre-fix observation ('before any fix can be planned'); T=always is the request's stated default and 'continuously' is a cadence word the request classifies as a firing condition, not a temporal value. | F6: P1 | G6: locate / implementation | H6: 1 | I6: GT-02
A7: P2 | B7: reproduce / failing nested cases | C7: 1 | D7: GT-01 | F7: P2 | G7: reproduce / nested test case | H7: 1 | I7: GT-01
A8: P2.1 | B8: run / reproduction script | C8: 1 | D8: GT-01 executable | F8: P3 | G8: design / traversal algorithm | H8: 1 | I8: =SUM(H6:H10)/COUNT(H6:H10) -> 1
A9: P3 | B9: trace / call graph incl _cstack | C9: 1 | D9: GT-02. Names _cstack: contamination, disclosed. | F9: P4 | G9: patch / separability code | H9: 1 | I9: GT-04
A10: P3.1 | B10: compare / flat vs nested matrix | C10: 1 | D10: GT-03 | F10: P5 | G10: test / reproduction + existing suite | H10: 1 | I10: GT-05 and GT-06 in one node; no new-test authoring, so no #2 deduction
A11: P3.2 | B11: identify / traversal and combination logic | C11: 1 | D11: GT-03
A12: P4 | B12: decide / code change strategy | C12: 1 | D12: plan hub
A13: P4.1 | B13: design / recursive unwrapping | C13: 1 | D13: bears P5 and P5.1 per the Jul 21 ruling
A14: P4.2 | B14: design / regression test cases | C14: 0 | D14: RULING #2: authoring new tests is beyond-intent. Intent Ctrl-F 'test' = 0 hits; the harness grades with its own hidden tests.
A15: P5 | B15: edit / _separable branch | C15: 1 | D15: GT-04
A16: P5.1 | B16: validate / patched output vs expected | C16: 1 | D16: GT-05. Parent pointer says P5; per the ruling its lineage parent is P4.1 and the pointer is sequencing.
A17: P6 | B17: write / new pytest functions | C17: 0 | D17: RULING #2: beyond-intent
A18: P6.1 | B18: run / existing separable suite | C18: 1 | D18: GT-06. This is the node that carries GT-06 recall.
A19: P7 | B19: decide / pull-request change set | C19: 0 | D19: RULING #3: delivery branch
A20: P7.1 | B20: commit / changed files | C20: 0 | D20: RULING #3
A21: P7.2 | B21: submit / PR to astropy main | C21: 0 | D21: RULING #3. Also an unverified repo assumption; structure made it vetoable pre-execution.
B22: PRECISION | F22: =SUM(C6:C21)/COUNT(C6:C21) -> 0.6875 | I22: =I8 -> 1
A24: Gemini emits nothing beyond the intent, so its precision is 1.00 on 6 nodes while Claude pays for a test-authoring branch and a delivery branch. Ruling #13 records that this drift is a MODEL trait, not a product of the schema: Claude's unstructured prose drifted the same way with no schema present.
A25: ROOT EXCLUSION, applied Jul 26 for consistency with the submitted paper. Precision denominators are 16 (Claude) and 5 (Gemini), not 17 and 6. The prose sheets have no root to exclude: neither plan emits an intent-restating node, so all asserted steps are scored.

Sheet Precision_unstr
A1: Precision: asserted steps extracted from prose
A2: Unit = one asserted step, the convention inherited from the paper's unstructured setting (5/8). Claude's prose supplies its own step ids; Gemini's does not, so its four policies are the steps.
A4: CLAUDE step | B4: content | C4: rel | D4: note | F4: GEMINI step | G4: content | H4: rel | I4: note
A5: P1.1 | B5: environment pinning, run the 3 calls | C5: 1 | D5: GT-01 | F5: Policy 1 | G5: localization and diagnostics | H5: 1 | I5: GT-01 and GT-02
A6: P1.2 | B6: minimal reproducer canonicalization | C6: 1 | D6: GT-01 | F6: Policy 2 | G6: analysis and design | H6: 1 | I6: GT-03 partial and design
A7: P2.1 | B7: entry-point tracing | C7: 1 | D7: GT-02 | F7: Policy 3 | G7: implementation, plus PEP 8 note | H7: 1 | I7: GT-04. The style clause is minor drift, not scored separately.
A8: P2.2 | B8: recursive structure inspection | C8: 1 | D8: GT-02 | F8: Policy 4 | G8: verification and testing | H8: 1 | I8: GT-05, GT-06, and an add-regression-tests clause. JUDGMENT: the add-tests clause would be 0 under ruling #2 if scored as its own step; it is fused here, so the node scores 1.
A9: P2.3 | B9: matrix combination audit (_cstack) | C9: 1 | D9: GT-02. Names _cstack: contamination, disclosed.
A10: P3.1 | B10: block-diagonal invariant contract | C10: 1 | D10: GT-03. Also asks for a docstring-level contract, borderline.
A11: P3.2 | B11: hypothesis confirmation with debug prints | C11: 1 | D11: GT-03
A12: P3.3 | B12: defect pinpointing to line numbers | C12: 1 | D12: GT-03
A13: P4.1 | B13: fix scope constraint | C13: 1 | D13: scopes GT-04
A14: P4.2 | B14: recursive dispatch fix | C14: 1 | D14: GT-04. The proposed fix is not the reference patch.
A15: P4.3 | B15: leaf vs compound guard | C15: 1 | D15: GT-04
A16: P4.4 | B16: fix atomicity, commit message format | C16: 0 | D16: beyond-intent, delivery. Same basis as ruling #3.
A17: P5.1 | B17: author 5 exact-value regression tests | C17: 0 | D17: JUDGMENT. Ruling #2 says authoring new tests is beyond-intent, so 0. But TEST_CASE_3 is where the reported case is verified, so GT-05 recall rides on a node scored 0 here. Same shape as the P6/P6.1 split in the tree, except the prose fuses them. Flip to 1 if you rule the split cannot be applied to fused prose.
A18: P5.2 | B18: run the full suite, 0 new failures | C18: 1 | D18: GT-06
A19: P5.3 | B19: parametrized property test | C19: 0 | D19: beyond-intent, new tests
A20: P6.1 | B20: docstring update | C20: 0 | D20: beyond-intent, documentation
A21: P6.2 | B21: CHANGES.rst changelog entry | C21: 0 | D21: beyond-intent, documentation
A22: P6.3 | B22: PRECISION | C22: 0 | D22: beyond-intent, procedural | F22: =SUM(C5:C22)/COUNT(C5:C22) -> 0.66666667 | I22: =SUM(H5:H8)/COUNT(H5:H8) -> 1
A24: UNIT ASYMMETRY, disclose it: Claude's prose exposes 18 steps and Gemini's exposes 4, so the two precision figures are not directly comparable to each other. Each is comparable to its own structured counterpart, which is the contrast the sheet is for.

Sheet Recoverability
A1: TC / AC / EF across all six artifacts
A2: Structural only, never content quality. Zeros mean the FIELD DOES NOT EXIST in that representation, not that no reasoning was recorded. Green cells are locked by artifact inspection; the one yellow cell is ruling #12.
A4: Artifact | B4: modality | C4: nodes / events | D4: TC | E4: AC | F4: EF | G4: basis
A5: CLAUDE plan_structured | B5: plan | C5: 17 policies | D5: 1 | E5: 1 | F5: 1 | G5: verified: all 17 carry parent_id, definer and rationale; 0 missing
A6: GEMINI plan_structured | B6: plan | C6: 6 policies | D6: 1 | E6: 1 | F6: 1 | G6: verified: all 6 carry parent_id, definer and rationale; 0 missing
A7: CLAUDE plan_unstructured | B7: plan | C7: 18 asserted steps | D7: 0 | E7: 0 | F7: 0 | G7: RULING #12. Ids and a detached ASCII dependency graph were invented with no schema in the prompt, so a path IS reconstructible by reading the whole document. TC=0 because lineage must be retrievable per node, not depicted document-wide. AC=0: no definer exists anywhere. EF=0: reasoning is present but not anchored to a node as a field.
A8: GEMINI plan_unstructured | B8: plan | C8: 4 policies | D8: 0 | E8: 0 | F8: 0 | G8: flat prose, no ids at all; the single 'parent' probe hit is the domain phrase 'parent model's matrix', not a pointer
A9: CLAUDE exec_unstructured | B9: exec | C9: 13 events | D9: 0 | E9: 0 | F9: 0 | G9: flat trajectory: thought/action/observation only, by construction
A10: GEMINI exec_unstructured | B10: exec | C10: 30 events | D10: 0 | E10: 0 | F10: 0 | G10: flat trajectory, budget exhausted; same construction
A11: CLAUDE plan_trajectory | B11: plan | C11: 11 steps (raw text; JSON parse FAILED) | D11: 0 | E11: 0 | F11: 1 | G11: fields per step, no parent, no definer; every step carries a thought so EF=1.00 per the ruling on Plan_trajectory row 32. Parse failure disclosed: real diff content broke the JSON string.
A12: GEMINI plan_trajectory | B12: plan | C12: 7 steps (clean JSON) | D12: 0 | E12: 0 | F12: 1 | G12: same structure; format kept clean by placeholder patches ('... corrected code ...').
A14: UPDATED READ with the trajectory cell: TC and AC stay 0.00 across FIVE unstructured artifacts, two vendors, three representations. EF is 1.00 for trajectory because thoughts anchor per step, so the cliff that carries the claim is TC and AC. That narrowing is honest and stated, not hidden.

Sheet SIF
A1: Semantic Intent Fidelity: 5 root-tuple elements
A2: Scored once at intent level on Action, Resource, Spatial, Temporal, Context (Definer and Enforcer excluded). Rubric 0 / 0.5 / 1.0: 1.0 carried as a recoverable field, 0.5 present in prose but not fielded, 0 absent.
A4: Element | B4: CLAUDE unstr | C4: CLAUDE struct | D4: GEMINI unstr | E4: GEMINI struct | F4: Notes
A5: Action | B5: 0.5 | C5: 1 | D5: 0.5 | E5: 1 | F5: unstr: 'resolve the issue' / 'fix' stated in prose, not a field. struct: action=fix / action=resolve on P0.
A6: Resource | B6: 0.5 | C6: 1 | D6: 0.5 | E6: 1 | F6: unstr: separability_matrix named in prose. struct: constraints.resource on P0.
A7: Spatial | B7: 0.5 | C7: 1 | D7: 0.5 | E7: 1 | F7: CRITERION A (addressability), applied uniformly: prose states astropy/modeling/separable.py but does not field it, so 0.5 like Action and Resource. Changed from 1.0; the prior studies used a fragmentation criterion that appears nowhere else in the suite. Full reasoning and the question for Dr. Nasim are on SIF_detail row 7.
A8: Temporal | B8: 0 | C8: 1 | D8: 0 | E8: 1 | F8: unstr: no timing content at all in either prose plan. struct: temporal=always on every node, which is the request's stated default.
A9: Context | B9: 0 | C9: 1 | D9: 0 | E9: 1 | F9: unstr: no operating-mode statement. struct: context=production on P0.
A11: SIF | B11: =SUM(B5:B9)/5 -> 0.3 | C11: =SUM(C5:C9)/5 -> 1 | D11: =SUM(D5:D9)/5 -> 0.3 | E11: =SUM(E5:E9)/5 -> 1
A13: Unstructured SIF is 0.30 under the uniform criterion. The prior protect_files and embodied studies report 0.40, which differs ONLY in the spatial cell. Nothing else in this scorecard moves either way, and no conclusion changes: 0.30 vs 1.00 says exactly what 0.40 vs 1.00 says.

Sheet Behavior_exec
A1: Executing agent: behavior stats (NOT a coverage comparator)
A2: Reported to understand the baseline before adding structure (Jul 14 directive D2), and as the task-performance baseline for % Resolved at the Docker stage. TIER CONFOUND: Gemini 3 ships flash tiers only, so this is flash against Sonnet. Do NOT claim one model beats the other.
A4: Measure | B4: CLAUDE exec | C4: GEMINI exec | D4: Reading
A5: model | B5: claude-sonnet-4-6 | C5: gemini-3.5-flash | D5: tier confound, disclosed
A6: turns | B6: 13 | C6: 30 | D6: 30 is OUR configured cap, not a benchmark standard
A7: outcome | B7: done | C7: budget_exhausted | D7: 'budget exhausted' = the cap ended the run; the agent never chose to stop
A8: searches | B8: 2 | C8: 7
A9: file opens | B9: 8 | C9: 23
A10: edits | B10: 1 | C10: 0 | D10: Claude's single edit is character-identical to the human patch. Resolved = EXPECTED, not confirmed; the Docker harness has not run.
A11: silent turns | B11: 5 / 13 | C11: 29 / 30 | D11: tool call with no thought text; the audit texture the paper describes
A12: repeated actions | B12: 0 | C12: 12 | D12: identical name and args seen before; ties to MAST step repetition and the Overthinking analysis-paralysis reading Dr. Nasim raised on Jul 21
A14: The finding is the contrast between the cells, not between the models: the flash-tier agent burned 30 turns without an edit in the executing cell, yet produced a complete, fully recoverable 6-policy tree in the structured plan cell. Capability varies wildly; structural recoverability does not.

Sheet SIF_detail
A1: SIF evidence: where each intent element does and does not survive
A2: HOW SIF IS SCORED, read this first. SIF is scored ONCE per artifact at the INTENT level, on the five elements of the root tuple (Action, Resource, Spatial, Temporal, Context). Definer and Enforcer are excluded. It is NOT scored per policy. The question is: does the intent's meaning survive into this representation in a form that can be read back? Reference = the GT root tuple P0 in ground_truth_astropy12907_iter3.xlsx. CRITERION A, ADDRESSABILITY, applied uniformly: 1.0 = carried as a labelled field that can be read off directly. 0.5 = the content is present in running prose but is not a field, so it must be found by reading. 0 = absent entirely. This is the same criterion TC, AC and EF use: present in the document is not the same as retrievable at the node. Under it, no prose element can score 1.0.
A4: Element | B4: GT reference (P0) | C4: CLAUDE struct | D4: GEM struct | E4: CLAUDE unstr: where it appears | F4: GEM unstr: where it appears | G4: CU | H4: GU | I4: CS | J4: GS | K4: What a 1.0 would have required in prose
A5: Action | B5: fix | C5: field action = "fix" | D5: field action = "resolve" | E5: NOT a field. Present only in running prose: title "Nested CompoundModel Bug" (line 0) and the section heading "POLICY G4 - Correction" (line 106). The verb must be inferred from headings. | F5: NOT a field. Present only in the opening sentence, "To resolve the issue where separability_matrix fails to compute the correct separability" (line 0). | G5: 0.5 | H5: 0.5 | I5: 1 | J5: 1 | K5: A labelled element, e.g. a line reading "Action: fix" attached to the intent. A verb inside a heading or an opening sentence is content, not a field, so it scores 0.5.
A6: Resource | B6: separability computation for nested CompoundModels | C6: field resource = "separability_matrix function in astropy.modeling.separable" | D6: field resource = "separability_matrix bug for nested CompoundModels" | E6: NOT a field. separability_matrix appears 24 times scattered through the document; no single place names the governed object. | F6: NOT a field. separability_matrix appears 7 times, first at line 0; no single place names the governed object. | G6: 0.5 | H6: 0.5 | I6: 1 | J6: 1 | K6: One labelled element naming the governed object once. Scattering the name 24 times through prose is not the same as carrying it as a field: a reader must decide which mention is the scope.
A7: Spatial | B7: astropy repository | C7: field spatial = "astropy repository codebase" | D7: field spatial = "astropy repository" | E7: STATED as an explicit path token: "astropy/modeling/separable.py" (line 54) and the scope constraint "Be confined to astropy/modeling/separable.py unless evidence" (line 127). | F7: STATED as an explicit path token: "Search the repository" (line 16) and "astropy/modeling/separable.py" (line 36). | G7: 0.5 | H7: 0.5 | I7: 1 | J7: 1 | K7: CRITERION A APPLIED (addressability). 0.5, not 1.0: the path is present in prose but is not a labelled field, exactly like Action and Resource. Nothing in prose is fielded, so nothing in prose can reach 1.0. CHANGED FROM 1.0 ON JUL 26, and the change is a consistency fix, not a re-reading of the artifacts. The prior studies scored spatial 1.0 under a DIFFERENT criterion (B, fragmentation): spatial was stated whole and read off directly, while action and resource were split across per-policy specializations and had to be reassembled. Criterion B appears nowhere else in the metric suite. TC scores 0 because lineage is depicted rather than retrievable per node; AC scores 0 because no definer field exists; EF scores 0 because reasoning is present but not anchored as a field. All three are addressability arguments. Criterion A is therefore the one that matches the paper, and it is also the harder criterion to argue with, since 'is it a field' is checkable and 'stated whole' is a judgment. CONSEQUENCE: unstructured SIF is 0.30, not the 0.40 reported in the prior studies. Flip these two cells back to 1.0 to restore 0.40. FOR DR. NASIM: the prior spatial 1.0 rests on a fragmentation criterion while the rest of the suite rests on addressability, and they disagree on exactly this one cell. Either recompute the prior studies at 0.30 or report the two rubrics side by side. She is the authority on conventions; nothing else in the scorecard moves either way.
A8: Temporal | B8: always | C8: field temporal = "always" | D8: field temporal = "always" | E8: ABSENT. Zero temporal statements. The single "always" hit is inside a code comment, "# always recurse fully" (line 147), which is control flow, not a temporal scope. | F8: ABSENT. Zero hits for always, continuously, deadline, or any period. | G8: 0 | H8: 0 | I8: 1 | J8: 1 | K8: Any statement of when the policy is in force. Neither plan makes one, in any form, so there is nothing to score at 0.5. NOTE: the intent itself states no temporal either; the structured arm earns 1.0 because the request instructs "always" as the stated default, so the field is populated and readable.
A9: Context | B9: production | C9: field context = "production" | D9: field context = "issue-resolution" <-- differs from the GT reference | E9: ABSENT. Zero operating-mode statements. The 3 apparent "production" hits are FALSE POSITIVES: all three are inside the word "Reproduction". | F9: ABSENT. Same false-positive check applied; the 3 "production" hits are all inside "Reproduction". | G9: 0 | H9: 0 | I9: 1 | J9: 1 | K9: Any statement of the operating mode (production, staging, sandbox). Neither plan makes one. JUDGMENT on GEMINI struct: its context field says "issue-resolution", not "production". The field is carried and readable, and the value is a defensible operating mode, so it scores 1.0 on preservation. Score it 0.5 if you rule SIF against the GT value rather than against field presence.
A11: SIF | G11: =SUM(G5:G9)/5 -> 0.3 | H11: =SUM(H5:H9)/5 -> 0.3 | I11: =SUM(I5:I9)/5 -> 1 | J11: =SUM(J5:J9)/5 -> 1
A13: WHY THE PROSE LOSES: 0.5 + 0.5 + 0.5 + 0 + 0 over 5 = 0.30. Action, Resource and Spatial are all present but unlabelled, so each is recoverable only by reading. Temporal and Context are not present in any form. The prior studies reported 0.40 because spatial was scored 1.0 under the fragmentation criterion; see the Spatial row.
A15: WHAT THIS MEASURES THAT COVERAGE DOES NOT. Recall asks whether the required work was named. SIF asks whether the intent's own semantics survived the refinement. A plan can name all six obligations (recall 1.00) and still lose when the policy applies and what mode the system is in (SIF 0.40). Those two lost elements are exactly what an operator needs at runtime to decide whether a policy is still in force.

Sheet Plan_trajectory
A1: Trajectory plan cell: third representation (fields, no lineage)
A2: Added after scoring closed, from reviewing the results; in the loop, not the primary plan. Same prompt prefix as plan_unstructured byte for byte (both runs sha256 2b86ad3739fba899), plus ONLY an output-format block asking for trajectory steps: thought / action{name,args} / expected_observation, action vocabulary = the exec harness's four tools. Claude: 11 steps, 45.5 s, output FAILED to parse as JSON. Gemini: 7 steps, 16.9 s, clean JSON. All marks below are provisional; yellow = judgment, overridable.
A3: DISCLOSED CONFOUND: the four-tool vocabulary (search_repo, open_file, edit_file, done) contains no way to RUN anything, so GT-01 (reproduce) is unreachable by construction and trajectory recall is depressed by tool vocabulary as well as by format. The constraint is faithful: the banked exec run had the same four tools, and it makes this plan directly executable at stage 7. Counterpoint it exposed: the structured tree's P2.1 says 'run the reproduction script', an action the harness cannot perform; real wiring question for the execute arm.
A5: GT id | B5: Obligation | C5: CLAUDE traj | D5: GEMINI traj | E5: Notes
A6: GT-01 | B6: Reproduce the reported incorrect behavior | C6: 0 | D6: 0 | E6: Neither trajectory reproduces: no tool in the vocabulary can execute code. See the disclosed confound above. Claude's step 10 test ASSERTS the reported case but authored tests never run under the harness.
A7: GT-02 | B7: Localize the defect | C7: 1 | D7: 1 | E7: C: steps 1-5, search, open, targeted _cstack search, CompoundModel class inspection, focused re-read. G: steps 1-2, search and open separable.py.
A8: GT-03 | B8: Characterize why nesting breaks it | C8: 1 | D8: 0.5 | E8: STRICT CRITERION, same sentence as Coverage_strict G7. C: step 5 is a dedicated identify step, names the mechanism (nested CompoundModel treated as atomic non-separable block, falls through without recursing) = 1. G: the mechanism appears only inside the edit step's thought ('treating them as single, non-separable units'), no dedicated step = 0.5. Same compression pattern as Gemini's tree.
A9: GT-04 | B9: Correct the computation | C9: 1 | D9: 1 | E9: C: step 6, edit with a concrete diff (isinstance guard in _coord_matrix). G: step 3, edit with a PLACEHOLDER patch ('... corrected code ...'). Both score 1: the step exists and targets the computation. Content quality is not the recall question. NOTE: neither proposes the reference one-line _cstack assignment; six artifacts now share that.
A10: GT-05 | B10: Verify the reported case vs expected output | C10: 0.5 | D10: 0.5 | E10: C: step 10's authored test asserts the EXACT oracle matrix (third artifact to reason to the right expected value), but verification lives only inside an authored test the harness never runs, and no step verifies directly = 0.5. G: test asserts against a literal '...' placeholder, no expected value at all = 0.5 is generous; flip to 0 if you read strict.
A11: GT-06 | B11: Preserve existing behavior | C11: 1 | D11: 0 | E11: C: step 8's stated purpose is 'confirm no existing test will break', preservation intent, and step 9 opens the suite = 1. G: no preservation language anywhere; its test steps exist only to add a new test = 0.
B13: RECALL | C13: =SUM(C6:C11)/6 -> 0.75 | D13: =SUM(D6:D11)/6 -> 0.5
A15: Step | B15: CLAUDE traj: thought summary | C15: rel | E15: Step | F15: GEMINI traj: thought summary | G15: rel | H15: Notes
A16: 1 | B16: search separability_matrix | C16: 1 | E16: 1 | F16: search separability_matrix | G16: 1 | H16: done excluded from both denominators, same basis as the root exclusion: it restates completion and cannot score below 1. Denominators 10 and 6. Gemini steps 4-6 all exist solely to author a new test, ruling #2, = 0. Claude steps 8-9 score 1 because their stated purpose is preservation (GT-06 intent); only the authored test itself (step 10) scores 0.
A17: 2 | B17: open separable.py | C17: 1 | E17: 2 | F17: open separable.py | G17: 1
A18: 3 | B18: targeted search _cstack/_separability | C18: 1 | E18: 3 | F18: edit fix, placeholder patch | G18: 1
A19: 4 | B19: inspect CompoundModel class | C19: 1 | E19: 4 | F19: search test file (to add a test) | G19: 0
A20: 5 | B20: identify the bug (dedicated step) | C20: 1 | E20: 5 | F20: open test file (to add a test) | G20: 0
A21: 6 | B21: edit fix, concrete diff | C21: 1 | E21: 6 | F21: author a new test | G21: 0
A22: 7 | B22: re-open to verify the edit | C22: 1
A23: 8 | B23: find tests, confirm none break | C23: 1
A24: 9 | B24: open the test file | C24: 1
A25: 10 | B25: author a new regression test | C25: 0
B27: PRECISION | C27: =SUM(C16:C25)/COUNT(C16:C25) -> 0.9 | G27: =SUM(G16:G21)/COUNT(G16:G21) -> 0.5
A29: Metric | B29: CLAUDE traj | C29: GEMINI traj | D29: Basis
A30: TC | B30: 0 | C30: 0 | D30: BY CONSTRUCTION, stated openly. The prompt fixes the schema ('exactly these fields'), so a model could not have added a parent field here, just as the structured request DICTATES parent_id and its 1.00 is equally by construction. Both prescribed cells measure what the REPRESENTATION affords, which is the claim: TC and AC are properties of representations, and the deployment question is which representation you choose. The schema is not ours: thought/action/observation is transcribed from SWE-agent and the Overthinking paper and matches our banked exec artifact field for field; adding a parent field would have made it no longer the state-of-practice format. The SPONTANEITY question has its own cell: prose had no field constraints, and Claude, free to do anything, invented ids and a dependency diagram and still produced no per-node retrievable lineage (ruling #12). Step order here is sequence, not lineage (Dr. Nasim, Jul 21). Verified by hand: steps carry exactly thought / action / expected_observation. (The runner's has_parent_field audit printed a false positive for Gemini; script bug, one-line fix, raw text unaffected.)
A31: AC | B31: 0 | C31: 0 | D31: No definer field exists anywhere in either artifact. Same zero, same reason, as every other unstructured cell.
A32: EF | B32: 1 | C32: 1 | D32: RULING, predicted in the runner before the call: every step carries a thought (11/11, 7/7), so reasoning IS anchored per step in this representation. Scored honestly at 1.00. CONSEQUENCE, state it plainly: EF alone does not separate the tree from the trajectory; the recoverability claim narrows to TC and AC, which hold without help. The alternative reading (EF requires LINEAGE-anchored reasoning) keeps 0.00 but makes EF redundant with TC. Flip if Dr. Nasim rules the other way.
A33: SIF | B33: 0.3 | C33: 0.3 | D33: Same criterion-A scoring as prose: action verbs and the resource are present per step but no intent-level field carries them (0.5, 0.5), the path is stated in args but not fielded at intent level (0.5), no temporal, no context (0, 0). Identical 0.30, third representation to land there.
A35: THE HEADLINE FINDING OF THIS CELL, the format-content trade-off. Claude packed a REAL diff (nested quotes, escaped docstrings) into the JSON string field and BROKE the format: unterminated string at char 3540, inside the edit step, plus a code fence against instructions; parsed_steps is null and the plan survives only as raw text. Gemini kept the format clean by HOLLOWING the content: its patch is '... corrected code ...' and its test asserts against a literal '...'. Keep the content and break the format, or keep the format and lose the content. This is the Tam trade-off observed in our own data, at the exact boundary their paper names as future work (complex output structures). The tuple schema never faces the choice: no field carries a diff; executable content lives in the enforcer call, not in the representation.
A37: Where the three representations now stand: prose has no fields and no lineage. Trajectory has fields, no lineage. The tree has both. Trajectory closes the strawman objection (it IS the structured format agents use today) and still scores 0.00 on TC and AC. The claim this isolates: lineage-bearing structure, not structure, is what makes audit a traversal.

Sheet Overhead
A1: Overhead: audit traversal (O(depth)) vs full-artifact reconstruction (O(n))
A2: Convention (locked, cross-domain): overhead reports PROCESSING TIME alongside storage bytes, defined once. The measured operation is SPINE's own deterministic step, model-independent: walk parent pointers from the deepest leaf to the root, collecting the chain. The baseline proxy is the CHEAPEST possible machine reconstruction, a single full-text scan of the artifact for target terms; the real baseline (a human or LLM reading the log against the plan) costs far more, so the comparison is conservative in the baseline's favor. Timings: Python 3, timeit best-of-7, this machine; indicative, not hardware claims. Re-derive: measure_overhead.py.
A4: Artifact | B4: operation | C4: complexity | D4: size | E4: time (microseconds) | F4: note
A5: CLAUDE tree (17) | B5: pointer walk, deepest leaf P5.1 to root | C5: O(depth) | D5: 5-node chain; 12,028 B file; 518 B mean/node | E5: 0.41 | F5: the audit operation itself: chain recovered as data, no reading
A6: GEMINI tree (6) | B6: pointer walk, deepest leaf P5 to root | C6: O(depth) | D6: 5-node chain; 4,483 B file; 419 B mean/node | E6: 0.42 | F6: identical time despite 3x tree-size difference: cost tracks DEPTH, not size, which is the O(depth) claim measured
A7: CLAUDE prose | B7: full-document scan for target terms | C7: O(n) | D7: 9,229 chars | E7: 59.96 | F7: 146x the pointer walk, and the scan only FINDS lines; assembling lineage from them is additional work
A8: GEMINI prose | B8: full-document scan | C8: O(n) | D8: 4,349 chars | E8: 25.32 | F8: 62x
A9: CLAUDE exec log | B9: full-log scan | C9: O(n) | D9: 27,420 chars | E9: 36.75 | F9: 90x
A10: GEMINI exec log | B10: full-log scan | C10: O(n) | D10: 67,025 chars | E10: 99.63 | F10: 243x; cost grows with log length, the O(n) claim measured
A12: READ: both traversals land at ~0.4 microseconds and do not differ between a 17-node and a 6-node tree, because the walk costs depth, not size. Every reconstruction scan costs 60x to 240x more and grows with artifact length, and the scan is only step one of reconstruction. Storage: the tree costs 12,028 B where the same model's prose costs 13,194 B on disk, so on this instance the structured representation is not even a storage premium. Consistent with the paper's cross-domain convention (processing time + bytes, sub-millisecond on shallow trees).
